,denomination,percentage
0,antoninianus,27.090549941312876
1,as,9.750651283959806
2,aureus,13.206034754229767
3,denarius,19.98797629612665
4,dupondius,6.4756233717901
5,quinarius,1.6060233030832212
6,quinarius_aureus,0.7929918983138187
7,sestertius,15.138415733875355
8,solidus,5.951733417308408
